{"name":"1b9f24c9-7e93-4bcb-8f62-f19af7dfd88d","id":"/providers/Microsoft.Flow/flows/1b9f24c9-7e93-4bcb-8f62-f19af7dfd88d","type":"Microsoft.Flow/flows","properties":{"apiId":"/providers/Microsoft.PowerApps/apis/shared_logicflows","displayName":"ms-teams-approval-example","definition":{"metadata":{"workflowEntityId":null,"processAdvisorMetadata":null,"flowclientsuspensionreason":"None","flowclientsuspensiontime":null,"creator":{"id":"6363d793-4879-4505-ba53-d83a5a6adc0b","type":"User","tenantId":"a7431fa0-b093-4d54-85ee-fdcb57f4f3dd"},"provisioningMethod":"FromDefinition","failureAlertSubscription":true,"clientLastModifiedTime":"2021-09-19T19:57:22.0075068Z"},"$schema":"https://schema.management.azure.com/providers/Microsoft.Logic/schemas/2016-06-01/workflowdefinition.json#","contentVersion":"1.0.0.0","parameters":{"$connections":{"defaultValue":{},"type":"Object"},"$authentication":{"defaultValue":{},"type":"SecureObject"}},"triggers":{"manual":{"type":"Request","kind":"Http","inputs":{"schema":{"type":"object","properties":{"allApproversNeeded":{"type":"boolean"},"approvers":{"type":"string"},"description":{"type":"string"},"id":{"type":"integer"},"name":{"type":"string"},"url":{"type":"string"}}},"method":"POST"}}},"actions":{"Genehmigung_erstellen":{"runAfter":{},"type":"OpenApiConnection","inputs":{"host":{"apiId":"/providers/Microsoft.PowerApps/apis/shared_approvals","connectionName":"shared_approvals","operationId":"CreateAnApproval"},"parameters":{"approvalType":"Basic","ApprovalCreationInput/title":"@triggerBody()?['name']","ApprovalCreationInput/assignedTo":"@{triggerBody()?['approvers']};","ApprovalCreationInput/details":"@triggerBody()?['description']","ApprovalCreationInput/itemLink":"@triggerBody()?['url']","ApprovalCreationInput/itemLinkDescription":"@{triggerBody()?['name']} (Spring Boot Anwendung)","ApprovalCreationInput/enableNotifications":true,"ApprovalCreationInput/enableReassignment":true},"authentication":"@parameters('$authentication')"}},"Adaptive_Karte_in_einem_Chat_oder_Kanal_veröffentlichen":{"runAfter":{"Genehmigung_erstellen":["Succeeded"]},"type":"OpenApiConnection","inputs":{"host":{"apiId":"/providers/Microsoft.PowerApps/apis/shared_teams","connectionName":"shared_teams","operationId":"PostCardToConversation"},"parameters":{"poster":"Flow bot","location":"Channel","body/recipient/groupId":"e1295612-db6d-4fe6-9061-f7976fb6cc1e","body/recipient/channelId":"19:af85de4005b54689bbd213fa42e94176@thread.tacv2","body/messageBody":"@outputs('Genehmigung_erstellen')?['body/adaptiveCard']"},"authentication":"@parameters('$authentication')"}},"Auf_Genehmigung_warten":{"runAfter":{"Antwort":["Succeeded"]},"type":"OpenApiConnectionWebhook","inputs":{"host":{"apiId":"/providers/Microsoft.PowerApps/apis/shared_approvals","connectionName":"shared_approvals","operationId":"WaitForAnApproval"},"parameters":{"approvalName":"@outputs('Genehmigung_erstellen')?['body/name']"},"authentication":"@parameters('$authentication')"}},"Auf_alle_anwenden":{"foreach":"@outputs('Auf_Genehmigung_warten')?['body/responses']","actions":{"HTTP":{"runAfter":{},"type":"Http","inputs":{"method":"PUT","uri":"https://ms-teams-approval.fabcelhaft.net:443/approvements/result","headers":{"content-type":"application/json"},"body":{"approvers":"@{items('Auf_alle_anwenden')?['responder/email']}","id":"@triggerBody()?['id']","result":"@{outputs('Auf_Genehmigung_warten')?['body/outcome']}"}}}},"runAfter":{"Auf_Genehmigung_warten":["Succeeded"]},"type":"Foreach"},"Antwort":{"runAfter":{"Adaptive_Karte_in_einem_Chat_oder_Kanal_veröffentlichen":["Succeeded"]},"type":"Response","kind":"Http","inputs":{"statusCode":200,"body":{}}}}},"connectionReferences":{"shared_approvals":{"connectionName":"shared-approvals-32ed8c57-01de-484f-9a82-6d34cbbebd1d","source":"Embedded","id":"/providers/Microsoft.PowerApps/apis/shared_approvals","tier":"NotSpecified"},"shared_teams":{"connectionName":"shared-teams-4d014c3e-c042-4b4f-a795-ce85-a0acc99a","source":"Embedded","id":"/providers/Microsoft.PowerApps/apis/shared_teams","tier":"NotSpecified"}},"flowFailureAlertSubscribed":false}}